{
  "Compatibility": "Compatible",
  "Contributors": {
    "Audio": [ "UnrulyJuli3" ],
    "Developer": [ "BCMGF1137" ]
  },
  "DefuserDifficulty": "Easy",
  "Description": "Navigate a maze such that a displayed number reaches zero at a goal position. Tags: 4-arrows, coordinate, 2-displays, big-number, large-number, liveline",
  "ExpertDifficulty": "Hard",
  "ModuleID": "ModuloMaze",
  "Name": "Modulo Maze",
  "Origin": "Mods",
  "Published": "2025-05-17",
  "SortKey": "MODULOMAZE",
  "SourceUrl": "https://github.com/BCMGF1137/KTANE-Modules-by-BCMGF1137/tree/main/Modulo%20Maze",
  "SteamID": "3483018075",
  "Symbol": "Mdmz",
  "Type": "Regular"
}