{
  "Author": "BCMGF1137",
  "Compatibility": "Compatible",
  "DefuserDifficulty": "Medium",
  "Description": "Determine booleans from ternary logic, and then cut wires such that the wires you didn't cut form a ternary logical operator. Tags: 20-wires, 3-displays, colored-displays",
  "ExpertDifficulty": "Hard",
  "ModuleID": "CruelBooleanWires",
  "Name": "Cruel Boolean Wires",
  "Origin": "Mods",
  "Published": "2025-02-02",
  "SortKey": "CRUELBOOLEANWIRES",
  "SourceUrl": "https://github.com/BCMGF1137/KTANE-Modules-by-BCMGF1137/tree/main/Cruel%20Boolean%20Wires",
  "SteamID": "3419745884",
  "Symbol": "Cbw",
  "Type": "Regular"
}